record_id,object_type,properties,source_file,record_type,created_date,last_modified_date
00EOv000008yEBsMAM,Userrole,"{'CaseAccessForAccountOwner': 'Edit', 'ContactAccessForAccountOwner': 'Edit', 'DeveloperName': 'Account_Executive_DACH', 'Id': '00EOv000008yEBsMAM', 'LastModifiedById': '005fI0000048bP9QAI', 'LastModifiedDate': '2025-07-17T01:25:40.000+0000', 'MayForecastManagerShare': 'false', 'Name': 'Account Executive - DACH', 'OpportunityAccessForAccountOwner': 'Edit', 'ParentRoleId': '00EOv000008yEBkMAM', 'RollupDescription': 'AE, DACH', 'SystemModstamp': '2025-07-17T01:25:40.000+0000', 'attributes': '{type=UserRole, url=/services/data/v63.0/sobjects/UserRole/00EOv000008yEBsMAM}'}",/Users/shivanishukla/salesforce-kg-project/SF Data/masterdata/UserRole.csv,,,2025-07-17T01:25:40+00:00
00EOv000008yEBtMAM,Userrole,"{'CaseAccessForAccountOwner': 'Edit', 'ContactAccessForAccountOwner': 'Edit', 'DeveloperName': 'Account_Executive_Europe', 'Id': '00EOv000008yEBtMAM', 'LastModifiedById': '005fI0000048bP9QAI', 'LastModifiedDate': '2025-07-17T01:25:40.000+0000', 'MayForecastManagerShare': 'false', 'Name': 'Account Executive - Europe', 'OpportunityAccessForAccountOwner': 'Edit', 'ParentRoleId': '00EOv000008yEBlMAM', 'RollupDescription': 'AE, Europe', 'SystemModstamp': '2025-07-17T01:25:40.000+0000', 'attributes': '{type=UserRole, url=/services/data/v63.0/sobjects/UserRole/00EOv000008yEBtMAM}'}",/Users/shivanishukla/salesforce-kg-project/SF Data/masterdata/UserRole.csv,,,2025-07-17T01:25:40+00:00
00EOv000008yEBrMAM,Userrole,"{'CaseAccessForAccountOwner': 'Edit', 'ContactAccessForAccountOwner': 'Edit', 'DeveloperName': 'Account_Executive_UK_Ireland', 'Id': '00EOv000008yEBrMAM', 'LastModifiedById': '005fI0000048bP9QAI', 'LastModifiedDate': '2025-07-17T01:25:40.000+0000', 'MayForecastManagerShare': 'false', 'Name': 'Account Executive - UK Ireland', 'OpportunityAccessForAccountOwner': 'Edit', 'ParentRoleId': '00EOv000008yEBjMAM', 'RollupDescription': 'AE, UKI', 'SystemModstamp': '2025-07-17T01:25:40.000+0000', 'attributes': '{type=UserRole, url=/services/data/v63.0/sobjects/UserRole/00EOv000008yEBrMAM}'}",/Users/shivanishukla/salesforce-kg-project/SF Data/masterdata/UserRole.csv,,,2025-07-17T01:25:40+00:00
00EOv000008yEBqMAM,Userrole,"{'CaseAccessForAccountOwner': 'Edit', 'ContactAccessForAccountOwner': 'Edit', 'DeveloperName': 'Account_Executive_US_Central', 'Id': '00EOv000008yEBqMAM', 'LastModifiedById': '005fI0000048bP9QAI', 'LastModifiedDate': '2025-07-17T01:25:40.000+0000', 'MayForecastManagerShare': 'false', 'Name': 'Account Executive - US Central', 'OpportunityAccessForAccountOwner': 'Edit', 'ParentRoleId': '00EOv000008yEBiMAM', 'RollupDescription': 'AE, US Central', 'SystemModstamp': '2025-07-17T01:25:40.000+0000', 'attributes': '{type=UserRole, url=/services/data/v63.0/sobjects/UserRole/00EOv000008yEBqMAM}'}",/Users/shivanishukla/salesforce-kg-project/SF Data/masterdata/UserRole.csv,,,2025-07-17T01:25:40+00:00
00EOv000008yEBpMAM,Userrole,"{'CaseAccessForAccountOwner': 'Edit', 'ContactAccessForAccountOwner': 'Edit', 'DeveloperName': 'Account_Executive_US_East', 'Id': '00EOv000008yEBpMAM', 'LastModifiedById': '005fI0000048bP9QAI', 'LastModifiedDate': '2025-07-17T01:25:40.000+0000', 'MayForecastManagerShare': 'false', 'Name': 'Account Executive - US East', 'OpportunityAccessForAccountOwner': 'Edit', 'ParentRoleId': '00EOv000008yEBhMAM', 'RollupDescription': 'AE, US East', 'SystemModstamp': '2025-07-17T01:25:40.000+0000', 'attributes': '{type=UserRole, url=/services/data/v63.0/sobjects/UserRole/00EOv000008yEBpMAM}'}",/Users/shivanishukla/salesforce-kg-project/SF Data/masterdata/UserRole.csv,,,2025-07-17T01:25:40+00:00
00EOv000008yEBoMAM,Userrole,"{'CaseAccessForAccountOwner': 'Edit', 'ContactAccessForAccountOwner': 'Edit', 'DeveloperName': 'Account_Executive_US_West', 'Id': '00EOv000008yEBoMAM', 'LastModifiedById': '005fI0000048bP9QAI', 'LastModifiedDate': '2025-07-17T01:25:40.000+0000', 'MayForecastManagerShare': 'false', 'Name': 'Account Executive - US West', 'OpportunityAccessForAccountOwner': 'Edit', 'ParentRoleId': '00EOv000008yEBgMAM', 'RollupDescription': 'AE, US West', 'SystemModstamp': '2025-07-17T01:25:40.000+0000', 'attributes': '{type=UserRole, url=/services/data/v63.0/sobjects/UserRole/00EOv000008yEBoMAM}'}",/Users/shivanishukla/salesforce-kg-project/SF Data/masterdata/UserRole.csv,,,2025-07-17T01:25:40+00:00
00EOv000008yEBZMA2,Userrole,"{'CaseAccessForAccountOwner': 'Edit', 'ContactAccessForAccountOwner': 'Edit', 'DeveloperName': 'Chief_Revenue_Officer', 'Id': '00EOv000008yEBZMA2', 'LastModifiedById': '005fI0000048bP9QAI', 'LastModifiedDate': '2025-07-17T01:25:40.000+0000', 'MayForecastManagerShare': 'false', 'Name': 'Chief Revenue Officer', 'OpportunityAccessForAccountOwner': 'Edit', 'RollupDescription': 'CRO', 'SystemModstamp': '2025-07-17T01:25:40.000+0000', 'attributes': '{type=UserRole, url=/services/data/v63.0/sobjects/UserRole/00EOv000008yEBZMA2}'}",/Users/shivanishukla/salesforce-kg-project/SF Data/masterdata/UserRole.csv,,,2025-07-17T01:25:40+00:00
00EOv000008yEC6MAM,Userrole,"{'CaseAccessForAccountOwner': 'Edit', 'ContactAccessForAccountOwner': 'Edit', 'DeveloperName': 'Customer_Success_Manager', 'Id': '00EOv000008yEC6MAM', 'LastModifiedById': '005fI0000048bP9QAI', 'LastModifiedDate': '2025-07-17T01:25:40.000+0000', 'MayForecastManagerShare': 'false', 'Name': 'Customer Success Manager', 'OpportunityAccessForAccountOwner': 'Edit', 'ParentRoleId': '00EOv000008yEBmMAM', 'RollupDescription': 'CSM', 'SystemModstamp': '2025-07-17T01:25:40.000+0000', 'attributes': '{type=UserRole, url=/services/data/v63.0/sobjects/UserRole/00EOv000008yEC6MAM}'}",/Users/shivanishukla/salesforce-kg-project/SF Data/masterdata/UserRole.csv,,,2025-07-17T01:25:40+00:00
00EOv000008yEBmMAM,Userrole,"{'CaseAccessForAccountOwner': 'Edit', 'ContactAccessForAccountOwner': 'Edit', 'DeveloperName': 'Director_Customer_Success', 'Id': '00EOv000008yEBmMAM', 'LastModifiedById': '005fI0000048bP9QAI', 'LastModifiedDate': '2025-07-17T01:25:40.000+0000', 'MayForecastManagerShare': 'false', 'Name': 'Director Customer Success', 'OpportunityAccessForAccountOwner': 'Edit', 'ParentRoleId': '00EOv000008yEBdMAM', 'RollupDescription': 'Dir, Customer Success', 'SystemModstamp': '2025-07-17T01:25:40.000+0000', 'attributes': '{type=UserRole, url=/services/data/v63.0/sobjects/UserRole/00EOv000008yEBmMAM}'}",/Users/shivanishukla/salesforce-kg-project/SF Data/masterdata/UserRole.csv,,,2025-07-17T01:25:40+00:00
00EOv000008yEBnMAM,Userrole,"{'CaseAccessForAccountOwner': 'Edit', 'ContactAccessForAccountOwner': 'Edit', 'DeveloperName': 'Director_Marketing', 'Id': '00EOv000008yEBnMAM', 'LastModifiedById': '005fI0000048bP9QAI', 'LastModifiedDate': '2025-07-17T01:25:40.000+0000', 'MayForecastManagerShare': 'false', 'Name': 'Director Marketing', 'OpportunityAccessForAccountOwner': 'Edit', 'ParentRoleId': '00EOv000008yEBeMAM', 'RollupDescription': 'Dir, Marketing', 'SystemModstamp': '2025-07-17T01:25:40.000+0000', 'attributes': '{type=UserRole, url=/services/data/v63.0/sobjects/UserRole/00EOv000008yEBnMAM}'}",/Users/shivanishukla/salesforce-kg-project/SF Data/masterdata/UserRole.csv,,,2025-07-17T01:25:40+00:00
00EOv000008yEBkMAM,Userrole,"{'CaseAccessForAccountOwner': 'Edit', 'ContactAccessForAccountOwner': 'Edit', 'DeveloperName': 'Director_Sales_DACH', 'Id': '00EOv000008yEBkMAM', 'LastModifiedById': '005fI0000048bP9QAI', 'LastModifiedDate': '2025-07-17T01:25:40.000+0000', 'MayForecastManagerShare': 'false', 'Name': 'Director Sales - DACH', 'OpportunityAccessForAccountOwner': 'Edit', 'ParentRoleId': '00EOv000008yEBbMAM', 'RollupDescription': 'Dir Sales, DACH', 'SystemModstamp': '2025-07-17T01:25:40.000+0000', 'attributes': '{type=UserRole, url=/services/data/v63.0/sobjects/UserRole/00EOv000008yEBkMAM}'}",/Users/shivanishukla/salesforce-kg-project/SF Data/masterdata/UserRole.csv,,,2025-07-17T01:25:40+00:00
00EOv000008yEBlMAM,Userrole,"{'CaseAccessForAccountOwner': 'Edit', 'ContactAccessForAccountOwner': 'Edit', 'DeveloperName': 'Director_Sales_Europe', 'Id': '00EOv000008yEBlMAM', 'LastModifiedById': '005fI0000048bP9QAI', 'LastModifiedDate': '2025-07-17T01:25:40.000+0000', 'MayForecastManagerShare': 'false', 'Name': 'Director Sales - Europe', 'OpportunityAccessForAccountOwner': 'Edit', 'ParentRoleId': '00EOv000008yEBbMAM', 'RollupDescription': 'Dir Sales, EU', 'SystemModstamp': '2025-07-17T01:25:40.000+0000', 'attributes': '{type=UserRole, url=/services/data/v63.0/sobjects/UserRole/00EOv000008yEBlMAM}'}",/Users/shivanishukla/salesforce-kg-project/SF Data/masterdata/UserRole.csv,,,2025-07-17T01:25:40+00:00
00EOv000008yEBjMAM,Userrole,"{'CaseAccessForAccountOwner': 'Edit', 'ContactAccessForAccountOwner': 'Edit', 'DeveloperName': 'Director_Sales_UK_Ireland', 'Id': '00EOv000008yEBjMAM', 'LastModifiedById': '005fI0000048bP9QAI', 'LastModifiedDate': '2025-07-17T01:25:40.000+0000', 'MayForecastManagerShare': 'false', 'Name': 'Director Sales - UK Ireland', 'OpportunityAccessForAccountOwner': 'Edit', 'ParentRoleId': '00EOv000008yEBbMAM', 'RollupDescription': 'Dir Sales, UKI', 'SystemModstamp': '2025-07-17T01:25:40.000+0000', 'attributes': '{type=UserRole, url=/services/data/v63.0/sobjects/UserRole/00EOv000008yEBjMAM}'}",/Users/shivanishukla/salesforce-kg-project/SF Data/masterdata/UserRole.csv,,,2025-07-17T01:25:40+00:00
00EOv000008yEBiMAM,Userrole,"{'CaseAccessForAccountOwner': 'Edit', 'ContactAccessForAccountOwner': 'Edit', 'DeveloperName': 'Director_Sales_US_Central', 'Id': '00EOv000008yEBiMAM', 'LastModifiedById': '005fI0000048bP9QAI', 'LastModifiedDate': '2025-07-17T01:25:40.000+0000', 'MayForecastManagerShare': 'false', 'Name': 'Director Sales - US Central', 'OpportunityAccessForAccountOwner': 'Edit', 'ParentRoleId': '00EOv000008yEBaMAM', 'RollupDescription': 'Dir Sales, US Central', 'SystemModstamp': '2025-07-17T01:25:40.000+0000', 'attributes': '{type=UserRole, url=/services/data/v63.0/sobjects/UserRole/00EOv000008yEBiMAM}'}",/Users/shivanishukla/salesforce-kg-project/SF Data/masterdata/UserRole.csv,,,2025-07-17T01:25:40+00:00
00EOv000008yEBhMAM,Userrole,"{'CaseAccessForAccountOwner': 'Edit', 'ContactAccessForAccountOwner': 'Edit', 'DeveloperName': 'Director_Sales_US_East', 'Id': '00EOv000008yEBhMAM', 'LastModifiedById': '005fI0000048bP9QAI', 'LastModifiedDate': '2025-07-17T01:25:40.000+0000', 'MayForecastManagerShare': 'false', 'Name': 'Director Sales - US East', 'OpportunityAccessForAccountOwner': 'Edit', 'ParentRoleId': '00EOv000008yEBaMAM', 'RollupDescription': 'Dir Sales, US East', 'SystemModstamp': '2025-07-17T01:25:40.000+0000', 'attributes': '{type=UserRole, url=/services/data/v63.0/sobjects/UserRole/00EOv000008yEBhMAM}'}",/Users/shivanishukla/salesforce-kg-project/SF Data/masterdata/UserRole.csv,,,2025-07-17T01:25:40+00:00
00EOv000008yEBgMAM,Userrole,"{'CaseAccessForAccountOwner': 'Edit', 'ContactAccessForAccountOwner': 'Edit', 'DeveloperName': 'Director_Sales_US_West', 'Id': '00EOv000008yEBgMAM', 'LastModifiedById': '005fI0000048bP9QAI', 'LastModifiedDate': '2025-07-17T01:25:40.000+0000', 'MayForecastManagerShare': 'false', 'Name': 'Director Sales - US West', 'OpportunityAccessForAccountOwner': 'Edit', 'ParentRoleId': '00EOv000008yEBaMAM', 'RollupDescription': 'Dir Sales, US West', 'SystemModstamp': '2025-07-17T01:25:40.000+0000', 'attributes': '{type=UserRole, url=/services/data/v63.0/sobjects/UserRole/00EOv000008yEBgMAM}'}",/Users/shivanishukla/salesforce-kg-project/SF Data/masterdata/UserRole.csv,,,2025-07-17T01:25:40+00:00
00EOv000008yEC7MAM,Userrole,"{'CaseAccessForAccountOwner': 'Edit', 'ContactAccessForAccountOwner': 'Edit', 'DeveloperName': 'Revenue_Operations_Specialist', 'Id': '00EOv000008yEC7MAM', 'LastModifiedById': '005fI0000048bP9QAI', 'LastModifiedDate': '2025-07-17T01:25:40.000+0000', 'MayForecastManagerShare': 'false', 'Name': 'Revenue Operations Specialist', 'OpportunityAccessForAccountOwner': 'Edit', 'ParentRoleId': '00EOv000008yEBfMAM', 'RollupDescription': 'RevOps Specialist', 'SystemModstamp': '2025-07-17T01:25:40.000+0000', 'attributes': '{type=UserRole, url=/services/data/v63.0/sobjects/UserRole/00EOv000008yEC7MAM}'}",/Users/shivanishukla/salesforce-kg-project/SF Data/masterdata/UserRole.csv,,,2025-07-17T01:25:40+00:00
00EOv000008yEByMAM,Userrole,"{'CaseAccessForAccountOwner': 'Edit', 'ContactAccessForAccountOwner': 'Edit', 'DeveloperName': 'Sales_Development_Representative_DACH', 'Id': '00EOv000008yEByMAM', 'LastModifiedById': '005fI0000048bP9QAI', 'LastModifiedDate': '2025-07-17T01:25:40.000+0000', 'MayForecastManagerShare': 'false', 'Name': 'Sales Development Representative - DACH', 'OpportunityAccessForAccountOwner': 'Edit', 'ParentRoleId': '00EOv000008yEBkMAM', 'RollupDescription': 'SDR, DACH', 'SystemModstamp': '2025-07-17T01:25:40.000+0000', 'attributes': '{type=UserRole, url=/services/data/v63.0/sobjects/UserRole/00EOv000008yEByMAM}'}",/Users/shivanishukla/salesforce-kg-project/SF Data/masterdata/UserRole.csv,,,2025-07-17T01:25:40+00:00
00EOv000008yEBzMAM,Userrole,"{'CaseAccessForAccountOwner': 'Edit', 'ContactAccessForAccountOwner': 'Edit', 'DeveloperName': 'Sales_Development_Representative_Europe', 'Id': '00EOv000008yEBzMAM', 'LastModifiedById': '005fI0000048bP9QAI', 'LastModifiedDate': '2025-07-17T01:25:40.000+0000', 'MayForecastManagerShare': 'false', 'Name': 'Sales Development Representative - Europe', 'OpportunityAccessForAccountOwner': 'Edit', 'ParentRoleId': '00EOv000008yEBlMAM', 'RollupDescription': 'SDR, EU', 'SystemModstamp': '2025-07-17T01:25:40.000+0000', 'attributes': '{type=UserRole, url=/services/data/v63.0/sobjects/UserRole/00EOv000008yEBzMAM}'}",/Users/shivanishukla/salesforce-kg-project/SF Data/masterdata/UserRole.csv,,,2025-07-17T01:25:40+00:00
00EOv000008yEBxMAM,Userrole,"{'CaseAccessForAccountOwner': 'Edit', 'ContactAccessForAccountOwner': 'Edit', 'DeveloperName': 'Sales_Development_Representative_UK_Ireland', 'Id': '00EOv000008yEBxMAM', 'LastModifiedById': '005fI0000048bP9QAI', 'LastModifiedDate': '2025-07-17T01:25:40.000+0000', 'MayForecastManagerShare': 'false', 'Name': 'Sales Development Representative - UK Ireland', 'OpportunityAccessForAccountOwner': 'Edit', 'ParentRoleId': '00EOv000008yEBjMAM', 'RollupDescription': 'SDR, UKI', 'SystemModstamp': '2025-07-17T01:25:40.000+0000', 'attributes': '{type=UserRole, url=/services/data/v63.0/sobjects/UserRole/00EOv000008yEBxMAM}'}",/Users/shivanishukla/salesforce-kg-project/SF Data/masterdata/UserRole.csv,,,2025-07-17T01:25:40+00:00
00EOv000008yEBwMAM,Userrole,"{'CaseAccessForAccountOwner': 'Edit', 'ContactAccessForAccountOwner': 'Edit', 'DeveloperName': 'Sales_Development_Representative_US_Central', 'Id': '00EOv000008yEBwMAM', 'LastModifiedById': '005fI0000048bP9QAI', 'LastModifiedDate': '2025-07-17T01:25:40.000+0000', 'MayForecastManagerShare': 'false', 'Name': 'Sales Development Representative - US Central', 'OpportunityAccessForAccountOwner': 'Edit', 'ParentRoleId': '00EOv000008yEBiMAM', 'RollupDescription': 'SDR, US Central', 'SystemModstamp': '2025-07-17T01:25:40.000+0000', 'attributes': '{type=UserRole, url=/services/data/v63.0/sobjects/UserRole/00EOv000008yEBwMAM}'}",/Users/shivanishukla/salesforce-kg-project/SF Data/masterdata/UserRole.csv,,,2025-07-17T01:25:40+00:00
00EOv000008yEBvMAM,Userrole,"{'CaseAccessForAccountOwner': 'Edit', 'ContactAccessForAccountOwner': 'Edit', 'DeveloperName': 'Sales_Development_Representative_US_East', 'Id': '00EOv000008yEBvMAM', 'LastModifiedById': '005fI0000048bP9QAI', 'LastModifiedDate': '2025-07-17T01:25:40.000+0000', 'MayForecastManagerShare': 'false', 'Name': 'Sales Development Representative - US East', 'OpportunityAccessForAccountOwner': 'Edit', 'ParentRoleId': '00EOv000008yEBhMAM', 'RollupDescription': 'SDR, US East', 'SystemModstamp': '2025-07-17T01:25:40.000+0000', 'attributes': '{type=UserRole, url=/services/data/v63.0/sobjects/UserRole/00EOv000008yEBvMAM}'}",/Users/shivanishukla/salesforce-kg-project/SF Data/masterdata/UserRole.csv,,,2025-07-17T01:25:40+00:00
00EOv000008yEBuMAM,Userrole,"{'CaseAccessForAccountOwner': 'Edit', 'ContactAccessForAccountOwner': 'Edit', 'DeveloperName': 'Sales_Development_Representative_US_West', 'Id': '00EOv000008yEBuMAM', 'LastModifiedById': '005fI0000048bP9QAI', 'LastModifiedDate': '2025-07-17T01:25:40.000+0000', 'MayForecastManagerShare': 'false', 'Name': 'Sales Development Representative - US West', 'OpportunityAccessForAccountOwner': 'Edit', 'ParentRoleId': '00EOv000008yEBgMAM', 'RollupDescription': 'SDR, US West', 'SystemModstamp': '2025-07-17T01:25:40.000+0000', 'attributes': '{type=UserRole, url=/services/data/v63.0/sobjects/UserRole/00EOv000008yEBuMAM}'}",/Users/shivanishukla/salesforce-kg-project/SF Data/masterdata/UserRole.csv,,,2025-07-17T01:25:40+00:00
00EOv000008yEC4MAM,Userrole,"{'CaseAccessForAccountOwner': 'Edit', 'ContactAccessForAccountOwner': 'Edit', 'DeveloperName': 'Sales_Engineer_DACH', 'Id': '00EOv000008yEC4MAM', 'LastModifiedById': '005fI0000048bP9QAI', 'LastModifiedDate': '2025-07-17T01:25:40.000+0000', 'MayForecastManagerShare': 'false', 'Name': 'Sales Engineer - DACH', 'OpportunityAccessForAccountOwner': 'Edit', 'ParentRoleId': '00EOv000008yEBkMAM', 'RollupDescription': 'SE, DACH', 'SystemModstamp': '2025-07-17T01:25:40.000+0000', 'attributes': '{type=UserRole, url=/services/data/v63.0/sobjects/UserRole/00EOv000008yEC4MAM}'}",/Users/shivanishukla/salesforce-kg-project/SF Data/masterdata/UserRole.csv,,,2025-07-17T01:25:40+00:00
00EOv000008yEC5MAM,Userrole,"{'CaseAccessForAccountOwner': 'Edit', 'ContactAccessForAccountOwner': 'Edit', 'DeveloperName': 'Sales_Engineer_Europe', 'Id': '00EOv000008yEC5MAM', 'LastModifiedById': '005fI0000048bP9QAI', 'LastModifiedDate': '2025-07-17T01:25:40.000+0000', 'MayForecastManagerShare': 'false', 'Name': 'Sales Engineer - Europe', 'OpportunityAccessForAccountOwner': 'Edit', 'ParentRoleId': '00EOv000008yEBlMAM', 'RollupDescription': 'SE, EU', 'SystemModstamp': '2025-07-17T01:25:40.000+0000', 'attributes': '{type=UserRole, url=/services/data/v63.0/sobjects/UserRole/00EOv000008yEC5MAM}'}",/Users/shivanishukla/salesforce-kg-project/SF Data/masterdata/UserRole.csv,,,2025-07-17T01:25:40+00:00
00EOv000008yEC3MAM,Userrole,"{'CaseAccessForAccountOwner': 'Edit', 'ContactAccessForAccountOwner': 'Edit', 'DeveloperName': 'Sales_Engineer_UK_Ireland', 'Id': '00EOv000008yEC3MAM', 'LastModifiedById': '005fI0000048bP9QAI', 'LastModifiedDate': '2025-07-17T01:25:40.000+0000', 'MayForecastManagerShare': 'false', 'Name': 'Sales Engineer - UK Ireland', 'OpportunityAccessForAccountOwner': 'Edit', 'ParentRoleId': '00EOv000008yEBjMAM', 'RollupDescription': 'SE, UKI', 'SystemModstamp': '2025-07-17T01:25:40.000+0000', 'attributes': '{type=UserRole, url=/services/data/v63.0/sobjects/UserRole/00EOv000008yEC3MAM}'}",/Users/shivanishukla/salesforce-kg-project/SF Data/masterdata/UserRole.csv,,,2025-07-17T01:25:40+00:00
00EOv000008yEC2MAM,Userrole,"{'CaseAccessForAccountOwner': 'Edit', 'ContactAccessForAccountOwner': 'Edit', 'DeveloperName': 'Sales_Engineer_US_Central', 'Id': '00EOv000008yEC2MAM', 'LastModifiedById': '005fI0000048bP9QAI', 'LastModifiedDate': '2025-07-17T01:25:40.000+0000', 'MayForecastManagerShare': 'false', 'Name': 'Sales Engineer - US Central', 'OpportunityAccessForAccountOwner': 'Edit', 'ParentRoleId': '00EOv000008yEBiMAM', 'RollupDescription': 'SE, US Central', 'SystemModstamp': '2025-07-17T01:25:40.000+0000', 'attributes': '{type=UserRole, url=/services/data/v63.0/sobjects/UserRole/00EOv000008yEC2MAM}'}",/Users/shivanishukla/salesforce-kg-project/SF Data/masterdata/UserRole.csv,,,2025-07-17T01:25:40+00:00
00EOv000008yEC1MAM,Userrole,"{'CaseAccessForAccountOwner': 'Edit', 'ContactAccessForAccountOwner': 'Edit', 'DeveloperName': 'Sales_Engineer_US_East', 'Id': '00EOv000008yEC1MAM', 'LastModifiedById': '005fI0000048bP9QAI', 'LastModifiedDate': '2025-07-17T01:25:40.000+0000', 'MayForecastManagerShare': 'false', 'Name': 'Sales Engineer - US East', 'OpportunityAccessForAccountOwner': 'Edit', 'ParentRoleId': '00EOv000008yEBhMAM', 'RollupDescription': 'SE, US East', 'SystemModstamp': '2025-07-17T01:25:40.000+0000', 'attributes': '{type=UserRole, url=/services/data/v63.0/sobjects/UserRole/00EOv000008yEC1MAM}'}",/Users/shivanishukla/salesforce-kg-project/SF Data/masterdata/UserRole.csv,,,2025-07-17T01:25:40+00:00
00EOv000008yEC0MAM,Userrole,"{'CaseAccessForAccountOwner': 'Edit', 'ContactAccessForAccountOwner': 'Edit', 'DeveloperName': 'Sales_Engineer_US_West', 'Id': '00EOv000008yEC0MAM', 'LastModifiedById': '005fI0000048bP9QAI', 'LastModifiedDate': '2025-07-17T01:25:40.000+0000', 'MayForecastManagerShare': 'false', 'Name': 'Sales Engineer - US West', 'OpportunityAccessForAccountOwner': 'Edit', 'ParentRoleId': '00EOv000008yEBgMAM', 'RollupDescription': 'SE, US West', 'SystemModstamp': '2025-07-17T01:25:40.000+0000', 'attributes': '{type=UserRole, url=/services/data/v63.0/sobjects/UserRole/00EOv000008yEC0MAM}'}",/Users/shivanishukla/salesforce-kg-project/SF Data/masterdata/UserRole.csv,,,2025-07-17T01:25:40+00:00
00EOv000008yEBdMAM,Userrole,"{'CaseAccessForAccountOwner': 'Edit', 'ContactAccessForAccountOwner': 'Edit', 'DeveloperName': 'VP_Customer_Success', 'Id': '00EOv000008yEBdMAM', 'LastModifiedById': '005fI0000048bP9QAI', 'LastModifiedDate': '2025-07-17T01:25:40.000+0000', 'MayForecastManagerShare': 'false', 'Name': 'VP Customer Success', 'OpportunityAccessForAccountOwner': 'Edit', 'ParentRoleId': '00EOv000008yEBZMA2', 'RollupDescription': 'VP, Customer Success', 'SystemModstamp': '2025-07-17T01:25:40.000+0000', 'attributes': '{type=UserRole, url=/services/data/v63.0/sobjects/UserRole/00EOv000008yEBdMAM}'}",/Users/shivanishukla/salesforce-kg-project/SF Data/masterdata/UserRole.csv,,,2025-07-17T01:25:40+00:00
00EOv000008yEBeMAM,Userrole,"{'CaseAccessForAccountOwner': 'Edit', 'ContactAccessForAccountOwner': 'Edit', 'DeveloperName': 'VP_Marketing', 'Id': '00EOv000008yEBeMAM', 'LastModifiedById': '005fI0000048bP9QAI', 'LastModifiedDate': '2025-07-17T01:25:40.000+0000', 'MayForecastManagerShare': 'false', 'Name': 'VP Marketing', 'OpportunityAccessForAccountOwner': 'Edit', 'ParentRoleId': '00EOv000008yEBZMA2', 'RollupDescription': 'VP, Marketing', 'SystemModstamp': '2025-07-17T01:25:40.000+0000', 'attributes': '{type=UserRole, url=/services/data/v63.0/sobjects/UserRole/00EOv000008yEBeMAM}'}",/Users/shivanishukla/salesforce-kg-project/SF Data/masterdata/UserRole.csv,,,2025-07-17T01:25:40+00:00
00EOv000008yEBfMAM,Userrole,"{'CaseAccessForAccountOwner': 'Edit', 'ContactAccessForAccountOwner': 'Edit', 'DeveloperName': 'VP_Revenue_Operations', 'Id': '00EOv000008yEBfMAM', 'LastModifiedById': '005fI0000048bP9QAI', 'LastModifiedDate': '2025-07-17T01:25:40.000+0000', 'MayForecastManagerShare': 'false', 'Name': 'VP Revenue Operations', 'OpportunityAccessForAccountOwner': 'Edit', 'ParentRoleId': '00EOv000008yEBZMA2', 'RollupDescription': 'VP, Revenue Operations', 'SystemModstamp': '2025-07-17T01:25:40.000+0000', 'attributes': '{type=UserRole, url=/services/data/v63.0/sobjects/UserRole/00EOv000008yEBfMAM}'}",/Users/shivanishukla/salesforce-kg-project/SF Data/masterdata/UserRole.csv,,,2025-07-17T01:25:40+00:00
00EOv000008yEBaMAM,Userrole,"{'CaseAccessForAccountOwner': 'Edit', 'ContactAccessForAccountOwner': 'Edit', 'DeveloperName': 'VP_Sales_Americas', 'Id': '00EOv000008yEBaMAM', 'LastModifiedById': '005fI0000048bP9QAI', 'LastModifiedDate': '2025-07-17T01:25:40.000+0000', 'MayForecastManagerShare': 'false', 'Name': 'VP Sales - Americas', 'OpportunityAccessForAccountOwner': 'Edit', 'ParentRoleId': '00EOv000008yEBZMA2', 'RollupDescription': 'VP Sales, Americas', 'SystemModstamp': '2025-07-17T01:25:40.000+0000', 'attributes': '{type=UserRole, url=/services/data/v63.0/sobjects/UserRole/00EOv000008yEBaMAM}'}",/Users/shivanishukla/salesforce-kg-project/SF Data/masterdata/UserRole.csv,,,2025-07-17T01:25:40+00:00
00EOv000008yEBcMAM,Userrole,"{'CaseAccessForAccountOwner': 'Edit', 'ContactAccessForAccountOwner': 'Edit', 'DeveloperName': 'VP_Sales_APAC', 'Id': '00EOv000008yEBcMAM', 'LastModifiedById': '005fI0000048bP9QAI', 'LastModifiedDate': '2025-07-17T01:25:40.000+0000', 'MayForecastManagerShare': 'false', 'Name': 'VP Sales - APAC', 'OpportunityAccessForAccountOwner': 'Edit', 'ParentRoleId': '00EOv000008yEBZMA2', 'RollupDescription': 'VP Sales, APAC', 'SystemModstamp': '2025-07-17T01:25:40.000+0000', 'attributes': '{type=UserRole, url=/services/data/v63.0/sobjects/UserRole/00EOv000008yEBcMAM}'}",/Users/shivanishukla/salesforce-kg-project/SF Data/masterdata/UserRole.csv,,,2025-07-17T01:25:40+00:00
00EOv000008yEBbMAM,Userrole,"{'CaseAccessForAccountOwner': 'Edit', 'ContactAccessForAccountOwner': 'Edit', 'DeveloperName': 'VP_Sales_EMEA', 'Id': '00EOv000008yEBbMAM', 'LastModifiedById': '005fI0000048bP9QAI', 'LastModifiedDate': '2025-07-17T01:25:40.000+0000', 'MayForecastManagerShare': 'false', 'Name': 'VP Sales - EMEA', 'OpportunityAccessForAccountOwner': 'Edit', 'ParentRoleId': '00EOv000008yEBZMA2', 'RollupDescription': 'VP Sales, EMEA', 'SystemModstamp': '2025-07-17T01:25:40.000+0000', 'attributes': '{type=UserRole, url=/services/data/v63.0/sobjects/UserRole/00EOv000008yEBbMAM}'}",/Users/shivanishukla/salesforce-kg-project/SF Data/masterdata/UserRole.csv,,,2025-07-17T01:25:40+00:00
0MIOv000000Bv7pOAC,Territory2,"{'AccountAccessLevel': 'Read', 'CaseAccessLevel': 'Read', 'ContactAccessLevel': 'Edit', 'CurrencyIsoCode': 'USD', 'Description': 'North and South American coverage', 'DeveloperName': 'Americas', 'Id': '0MIOv000000Bv7pOAC', 'LastModifiedById': '005fI0000048bP9QAI', 'LastModifiedDate': '2025-07-18T00:39:00.000+0000', 'Name': 'Americas', 'OpportunityAccessLevel': 'Read', 'SystemModstamp': '2025-07-18T00:39:00.000+0000', 'Territory2ModelId': '0MAOv000000Grd3OAC', 'Territory2TypeId': '0M5Ov0000001qxRKAQ', 'attributes': '{type=Territory2, url=/services/data/v63.0/sobjects/Territory2/0MIOv000000Bv7pOAC}'}",/Users/shivanishukla/salesforce-kg-project/SF Data/masterdata/Territory2.csv,,,2025-07-18T00:39:00+00:00
0MIOv000000Bv9SOAS,Territory2,"{'AccountAccessLevel': 'Read', 'CaseAccessLevel': 'Read', 'ContactAccessLevel': 'Edit', 'CurrencyIsoCode': 'USD', 'Description': 'Canada coverage', 'DeveloperName': 'Americas_Canada', 'Id': '0MIOv000000Bv9SOAS', 'LastModifiedById': '005fI0000048bP9QAI', 'LastModifiedDate': '2025-07-18T00:39:00.000+0000', 'Name': 'Americas Canada', 'OpportunityAccessLevel': 'Read', 'ParentTerritory2Id': '0MIOv000000Bv7pOAC', 'SystemModstamp': '2025-07-18T00:39:00.000+0000', 'Territory2ModelId': '0MAOv000000Grd3OAC', 'Territory2TypeId': '0M5Ov0000001qxRKAQ', 'attributes': '{type=Territory2, url=/services/data/v63.0/sobjects/Territory2/0MIOv000000Bv9SOAS}'}",/Users/shivanishukla/salesforce-kg-project/SF Data/masterdata/Territory2.csv,,,2025-07-18T00:39:00+00:00
0MIOv000000Bv9gOAC,Territory2,"{'AccountAccessLevel': 'Read', 'CaseAccessLevel': 'Read', 'ContactAccessLevel': 'Edit', 'CurrencyIsoCode': 'USD', 'Description': 'Canada Enterprise accounts', 'DeveloperName': 'Americas_Canada_Enterprise', 'Id': '0MIOv000000Bv9gOAC', 'LastModifiedById': '005fI0000048bP9QAI', 'LastModifiedDate': '2025-07-18T00:39:00.000+0000', 'Name': 'Americas Canada Enterprise', 'OpportunityAccessLevel': 'Read', 'ParentTerritory2Id': '0MIOv000000Bv9SOAS', 'SystemModstamp': '2025-07-18T00:39:00.000+0000', 'Territory2ModelId': '0MAOv000000Grd3OAC', 'Territory2TypeId': '0M5Ov0000001qxSKAQ', 'attributes': '{type=Territory2, url=/services/data/v63.0/sobjects/Territory2/0MIOv000000Bv9gOAC}'}",/Users/shivanishukla/salesforce-kg-project/SF Data/masterdata/Territory2.csv,,,2025-07-18T00:39:00+00:00
0MIOv000000Bv9hOAC,Territory2,"{'AccountAccessLevel': 'Read', 'CaseAccessLevel': 'Read', 'ContactAccessLevel': 'Edit', 'CurrencyIsoCode': 'USD', 'Description': 'Canada Mid-Market accounts', 'DeveloperName': 'Americas_Canada_Mid_Market', 'Id': '0MIOv000000Bv9hOAC', 'LastModifiedById': '005fI0000048bP9QAI', 'LastModifiedDate': '2025-07-18T00:39:00.000+0000', 'Name': 'Americas Canada Mid Market', 'OpportunityAccessLevel': 'Read', 'ParentTerritory2Id': '0MIOv000000Bv9SOAS', 'SystemModstamp': '2025-07-18T00:39:00.000+0000', 'Territory2ModelId': '0MAOv000000Grd3OAC', 'Territory2TypeId': '0M5Ov0000001qxSKAQ', 'attributes': '{type=Territory2, url=/services/data/v63.0/sobjects/Territory2/0MIOv000000Bv9hOAC}'}",/Users/shivanishukla/salesforce-kg-project/SF Data/masterdata/Territory2.csv,,,2025-07-18T00:39:00+00:00
0MIOv000000Bv9ZOAS,Territory2,"{'AccountAccessLevel': 'Read', 'CaseAccessLevel': 'Read', 'ContactAccessLevel': 'Edit', 'CurrencyIsoCode': 'USD', 'Description': 'Central United States coverage', 'DeveloperName': 'Americas_Central', 'Id': '0MIOv000000Bv9ZOAS', 'LastModifiedById': '005fI0000048bP9QAI', 'LastModifiedDate': '2025-07-18T00:39:00.000+0000', 'Name': 'Americas Central', 'OpportunityAccessLevel': 'Read', 'ParentTerritory2Id': '0MIOv000000Bv9ROAS', 'SystemModstamp': '2025-07-18T00:39:00.000+0000', 'Territory2ModelId': '0MAOv000000Grd3OAC', 'Territory2TypeId': '0M5Ov0000001qxRKAQ', 'attributes': '{type=Territory2, url=/services/data/v63.0/sobjects/Territory2/0MIOv000000Bv9ZOAS}'}",/Users/shivanishukla/salesforce-kg-project/SF Data/masterdata/Territory2.csv,,,2025-07-18T00:39:00+00:00
0MIOv000000Bv9eOAC,Territory2,"{'AccountAccessLevel': 'Read', 'CaseAccessLevel': 'Read', 'ContactAccessLevel': 'Edit', 'CurrencyIsoCode': 'USD', 'Description': 'Central Enterprise accounts', 'DeveloperName': 'Americas_Central_Enterprise', 'Id': '0MIOv000000Bv9eOAC', 'LastModifiedById': '005fI0000048bP9QAI', 'LastModifiedDate': '2025-07-18T00:39:00.000+0000', 'Name': 'Americas Central Enterprise', 'OpportunityAccessLevel': 'Read', 'ParentTerritory2Id': '0MIOv000000Bv9ZOAS', 'SystemModstamp': '2025-07-18T00:39:00.000+0000', 'Territory2ModelId': '0MAOv000000Grd3OAC', 'Territory2TypeId': '0M5Ov0000001qxSKAQ', 'attributes': '{type=Territory2, url=/services/data/v63.0/sobjects/Territory2/0MIOv000000Bv9eOAC}'}",/Users/shivanishukla/salesforce-kg-project/SF Data/masterdata/Territory2.csv,,,2025-07-18T00:39:00+00:00
0MIOv000000Bv9fOAC,Territory2,"{'AccountAccessLevel': 'Read', 'CaseAccessLevel': 'Read', 'ContactAccessLevel': 'Edit', 'CurrencyIsoCode': 'USD', 'Description': 'Central Mid-Market accounts', 'DeveloperName': 'Americas_Central_Mid_Market', 'Id': '0MIOv000000Bv9fOAC', 'LastModifiedById': '005fI0000048bP9QAI', 'LastModifiedDate': '2025-07-18T00:39:00.000+0000', 'Name': 'Americas Central Mid Market', 'OpportunityAccessLevel': 'Read', 'ParentTerritory2Id': '0MIOv000000Bv9ZOAS', 'SystemModstamp': '2025-07-18T00:39:00.000+0000', 'Territory2ModelId': '0MAOv000000Grd3OAC', 'Territory2TypeId': '0M5Ov0000001qxSKAQ', 'attributes': '{type=Territory2, url=/services/data/v63.0/sobjects/Territory2/0MIOv000000Bv9fOAC}'}",/Users/shivanishukla/salesforce-kg-project/SF Data/masterdata/Territory2.csv,,,2025-07-18T00:39:00+00:00
0MIOv000000Bv9YOAS,Territory2,"{'AccountAccessLevel': 'Read', 'CaseAccessLevel': 'Read', 'ContactAccessLevel': 'Edit', 'CurrencyIsoCode': 'USD', 'Description': 'Eastern United States coverage', 'DeveloperName': 'Americas_East_Coast', 'Id': '0MIOv000000Bv9YOAS', 'LastModifiedById': '005fI0000048bP9QAI', 'LastModifiedDate': '2025-07-18T00:39:00.000+0000', 'Name': 'Americas East Coast', 'OpportunityAccessLevel': 'Read', 'ParentTerritory2Id': '0MIOv000000Bv9ROAS', 'SystemModstamp': '2025-07-18T00:39:00.000+0000', 'Territory2ModelId': '0MAOv000000Grd3OAC', 'Territory2TypeId': '0M5Ov0000001qxRKAQ', 'attributes': '{type=Territory2, url=/services/data/v63.0/sobjects/Territory2/0MIOv000000Bv9YOAS}'}",/Users/shivanishukla/salesforce-kg-project/SF Data/masterdata/Territory2.csv,,,2025-07-18T00:39:00+00:00
0MIOv000000Bv9cOAC,Territory2,"{'AccountAccessLevel': 'Read', 'CaseAccessLevel': 'Read', 'ContactAccessLevel': 'Edit', 'CurrencyIsoCode': 'USD', 'Description': 'East Coast Enterprise accounts', 'DeveloperName': 'Americas_East_Enterprise', 'Id': '0MIOv000000Bv9cOAC', 'LastModifiedById': '005fI0000048bP9QAI', 'LastModifiedDate': '2025-07-18T00:39:00.000+0000', 'Name': 'Americas East Enterprise', 'OpportunityAccessLevel': 'Read', 'ParentTerritory2Id': '0MIOv000000Bv9YOAS', 'SystemModstamp': '2025-07-18T00:39:00.000+0000', 'Territory2ModelId': '0MAOv000000Grd3OAC', 'Territory2TypeId': '0M5Ov0000001qxSKAQ', 'attributes': '{type=Territory2, url=/services/data/v63.0/sobjects/Territory2/0MIOv000000Bv9cOAC}'}",/Users/shivanishukla/salesforce-kg-project/SF Data/masterdata/Territory2.csv,,,2025-07-18T00:39:00+00:00
0MIOv000000Bv9dOAC,Territory2,"{'AccountAccessLevel': 'Read', 'CaseAccessLevel': 'Read', 'ContactAccessLevel': 'Edit', 'CurrencyIsoCode': 'USD', 'Description': 'East Coast Mid-Market accounts', 'DeveloperName': 'Americas_East_Mid_Market', 'Id': '0MIOv000000Bv9dOAC', 'LastModifiedById': '005fI0000048bP9QAI', 'LastModifiedDate': '2025-07-18T00:39:00.000+0000', 'Name': 'Americas East Mid Market', 'OpportunityAccessLevel': 'Read', 'ParentTerritory2Id': '0MIOv000000Bv9YOAS', 'SystemModstamp': '2025-07-18T00:39:00.000+0000', 'Territory2ModelId': '0MAOv000000Grd3OAC', 'Territory2TypeId': '0M5Ov0000001qxSKAQ', 'attributes': '{type=Territory2, url=/services/data/v63.0/sobjects/Territory2/0MIOv000000Bv9dOAC}'}",/Users/shivanishukla/salesforce-kg-project/SF Data/masterdata/Territory2.csv,,,2025-07-18T00:39:00+00:00
0MIOv000000Bv9TOAS,Territory2,"{'AccountAccessLevel': 'Read', 'CaseAccessLevel': 'Read', 'ContactAccessLevel': 'Edit', 'CurrencyIsoCode': 'USD', 'Description': 'Mexico coverage', 'DeveloperName': 'Americas_Mexico', 'Id': '0MIOv000000Bv9TOAS', 'LastModifiedById': '005fI0000048bP9QAI', 'LastModifiedDate': '2025-07-18T00:39:00.000+0000', 'Name': 'Americas Mexico', 'OpportunityAccessLevel': 'Read', 'ParentTerritory2Id': '0MIOv000000Bv7pOAC', 'SystemModstamp': '2025-07-18T00:39:00.000+0000', 'Territory2ModelId': '0MAOv000000Grd3OAC', 'Territory2TypeId': '0M5Ov0000001qxRKAQ', 'attributes': '{type=Territory2, url=/services/data/v63.0/sobjects/Territory2/0MIOv000000Bv9TOAS}'}",/Users/shivanishukla/salesforce-kg-project/SF Data/masterdata/Territory2.csv,,,2025-07-18T00:39:00+00:00
0MIOv000000Bv9iOAC,Territory2,"{'AccountAccessLevel': 'Read', 'CaseAccessLevel': 'Read', 'ContactAccessLevel': 'Edit', 'CurrencyIsoCode': 'USD', 'Description': 'Mexico Enterprise accounts', 'DeveloperName': 'Americas_Mexico_Enterprise', 'Id': '0MIOv000000Bv9iOAC', 'LastModifiedById': '005fI0000048bP9QAI', 'LastModifiedDate': '2025-07-18T00:39:00.000+0000', 'Name': 'Americas Mexico Enterprise', 'OpportunityAccessLevel': 'Read', 'ParentTerritory2Id': '0MIOv000000Bv9TOAS', 'SystemModstamp': '2025-07-18T00:39:00.000+0000', 'Territory2ModelId': '0MAOv000000Grd3OAC', 'Territory2TypeId': '0M5Ov0000001qxSKAQ', 'attributes': '{type=Territory2, url=/services/data/v63.0/sobjects/Territory2/0MIOv000000Bv9iOAC}'}",/Users/shivanishukla/salesforce-kg-project/SF Data/masterdata/Territory2.csv,,,2025-07-18T00:39:00+00:00
0MIOv000000Bv9jOAC,Territory2,"{'AccountAccessLevel': 'Read', 'CaseAccessLevel': 'Read', 'ContactAccessLevel': 'Edit', 'CurrencyIsoCode': 'USD', 'Description': 'Mexico Mid-Market accounts', 'DeveloperName': 'Americas_Mexico_Mid_Market', 'Id': '0MIOv000000Bv9jOAC', 'LastModifiedById': '005fI0000048bP9QAI', 'LastModifiedDate': '2025-07-18T00:39:00.000+0000', 'Name': 'Americas Mexico Mid Market', 'OpportunityAccessLevel': 'Read', 'ParentTerritory2Id': '0MIOv000000Bv9TOAS', 'SystemModstamp': '2025-07-18T00:39:00.000+0000', 'Territory2ModelId': '0MAOv000000Grd3OAC', 'Territory2TypeId': '0M5Ov0000001qxSKAQ', 'attributes': '{type=Territory2, url=/services/data/v63.0/sobjects/Territory2/0MIOv000000Bv9jOAC}'}",/Users/shivanishukla/salesforce-kg-project/SF Data/masterdata/Territory2.csv,,,2025-07-18T00:39:00+00:00
0MIOv000000Bv9ROAS,Territory2,"{'AccountAccessLevel': 'Read', 'CaseAccessLevel': 'Read', 'ContactAccessLevel': 'Edit', 'CurrencyIsoCode': 'USD', 'Description': 'United States coverage', 'DeveloperName': 'Americas_United_States', 'Id': '0MIOv000000Bv9ROAS', 'LastModifiedById': '005fI0000048bP9QAI', 'LastModifiedDate': '2025-07-18T00:39:00.000+0000', 'Name': 'Americas United States', 'OpportunityAccessLevel': 'Read', 'ParentTerritory2Id': '0MIOv000000Bv7pOAC', 'SystemModstamp': '2025-07-18T00:39:00.000+0000', 'Territory2ModelId': '0MAOv000000Grd3OAC', 'Territory2TypeId': '0M5Ov0000001qxRKAQ', 'attributes': '{type=Territory2, url=/services/data/v63.0/sobjects/Territory2/0MIOv000000Bv9ROAS}'}",/Users/shivanishukla/salesforce-kg-project/SF Data/masterdata/Territory2.csv,,,2025-07-18T00:39:00+00:00
0MIOv000000Bv9XOAS,Territory2,"{'AccountAccessLevel': 'Read', 'CaseAccessLevel': 'Read', 'ContactAccessLevel': 'Edit', 'CurrencyIsoCode': 'USD', 'Description': 'Western United States coverage', 'DeveloperName': 'Americas_West_Coast', 'Id': '0MIOv000000Bv9XOAS', 'LastModifiedById': '005fI0000048bP9QAI', 'LastModifiedDate': '2025-07-18T00:39:00.000+0000', 'Name': 'Americas West Coast', 'OpportunityAccessLevel': 'Read', 'ParentTerritory2Id': '0MIOv000000Bv9ROAS', 'SystemModstamp': '2025-07-18T00:39:00.000+0000', 'Territory2ModelId': '0MAOv000000Grd3OAC', 'Territory2TypeId': '0M5Ov0000001qxRKAQ', 'attributes': '{type=Territory2, url=/services/data/v63.0/sobjects/Territory2/0MIOv000000Bv9XOAS}'}",/Users/shivanishukla/salesforce-kg-project/SF Data/masterdata/Territory2.csv,,,2025-07-18T00:39:00+00:00
0MIOv000000Bv9aOAC,Territory2,"{'AccountAccessLevel': 'Read', 'CaseAccessLevel': 'Read', 'ContactAccessLevel': 'Edit', 'CurrencyIsoCode': 'USD', 'Description': 'West Coast Enterprise accounts', 'DeveloperName': 'Americas_West_Enterprise', 'Id': '0MIOv000000Bv9aOAC', 'LastModifiedById': '005fI0000048bP9QAI', 'LastModifiedDate': '2025-07-18T00:39:00.000+0000', 'Name': 'Americas West Enterprise', 'OpportunityAccessLevel': 'Read', 'ParentTerritory2Id': '0MIOv000000Bv9XOAS', 'SystemModstamp': '2025-07-18T00:39:00.000+0000', 'Territory2ModelId': '0MAOv000000Grd3OAC', 'Territory2TypeId': '0M5Ov0000001qxSKAQ', 'attributes': '{type=Territory2, url=/services/data/v63.0/sobjects/Territory2/0MIOv000000Bv9aOAC}'}",/Users/shivanishukla/salesforce-kg-project/SF Data/masterdata/Territory2.csv,,,2025-07-18T00:39:00+00:00
0MIOv000000Bv9bOAC,Territory2,"{'AccountAccessLevel': 'Read', 'CaseAccessLevel': 'Read', 'ContactAccessLevel': 'Edit', 'CurrencyIsoCode': 'USD', 'Description': 'West Coast Mid-Market accounts', 'DeveloperName': 'Americas_West_Mid_Market', 'Id': '0MIOv000000Bv9bOAC', 'LastModifiedById': '005fI0000048bP9QAI', 'LastModifiedDate': '2025-07-18T00:39:00.000+0000', 'Name': 'Americas West Mid Market', 'OpportunityAccessLevel': 'Read', 'ParentTerritory2Id': '0MIOv000000Bv9XOAS', 'SystemModstamp': '2025-07-18T00:39:00.000+0000', 'Territory2ModelId': '0MAOv000000Grd3OAC', 'Territory2TypeId': '0M5Ov0000001qxSKAQ', 'attributes': '{type=Territory2, url=/services/data/v63.0/sobjects/Territory2/0MIOv000000Bv9bOAC}'}",/Users/shivanishukla/salesforce-kg-project/SF Data/masterdata/Territory2.csv,,,2025-07-18T00:39:00+00:00
0MIOv000000Bv7rOAC,Territory2,"{'AccountAccessLevel': 'Read', 'CaseAccessLevel': 'Read', 'ContactAccessLevel': 'Edit', 'CurrencyIsoCode': 'USD', 'Description': 'Asia Pacific coverage (Future)', 'DeveloperName': 'APAC', 'Id': '0MIOv000000Bv7rOAC', 'LastModifiedById': '005fI0000048bP9QAI', 'LastModifiedDate': '2025-07-18T00:39:00.000+0000', 'Name': 'APAC', 'OpportunityAccessLevel': 'Read', 'SystemModstamp': '2025-07-18T00:39:00.000+0000', 'Territory2ModelId': '0MAOv000000Grd3OAC', 'Territory2TypeId': '0M5Ov0000001qxRKAQ', 'attributes': '{type=Territory2, url=/services/data/v63.0/sobjects/Territory2/0MIOv000000Bv7rOAC}'}",/Users/shivanishukla/salesforce-kg-project/SF Data/masterdata/Territory2.csv,,,2025-07-18T00:39:00+00:00
0MIOv000000Bv7qOAC,Territory2,"{'AccountAccessLevel': 'Read', 'CaseAccessLevel': 'Read', 'ContactAccessLevel': 'Edit', 'CurrencyIsoCode': 'USD', 'Description': 'Europe Middle East Africa coverage', 'DeveloperName': 'EMEA', 'Id': '0MIOv000000Bv7qOAC', 'LastModifiedById': '005fI0000048bP9QAI', 'LastModifiedDate': '2025-07-18T00:39:00.000+0000', 'Name': 'EMEA', 'OpportunityAccessLevel': 'Read', 'SystemModstamp': '2025-07-18T00:39:00.000+0000', 'Territory2ModelId': '0MAOv000000Grd3OAC', 'Territory2TypeId': '0M5Ov0000001qxRKAQ', 'attributes': '{type=Territory2, url=/services/data/v63.0/sobjects/Territory2/0MIOv000000Bv7qOAC}'}",/Users/shivanishukla/salesforce-kg-project/SF Data/masterdata/Territory2.csv,,,2025-07-18T00:39:00+00:00
0MIOv000000Bv9VOAS,Territory2,"{'AccountAccessLevel': 'Read', 'CaseAccessLevel': 'Read', 'ContactAccessLevel': 'Edit', 'CurrencyIsoCode': 'USD', 'Description': 'Germany Austria Switzerland coverage', 'DeveloperName': 'EMEA_DACH', 'Id': '0MIOv000000Bv9VOAS', 'LastModifiedById': '005fI0000048bP9QAI', 'LastModifiedDate': '2025-07-18T00:39:00.000+0000', 'Name': 'EMEA DACH', 'OpportunityAccessLevel': 'Read', 'ParentTerritory2Id': '0MIOv000000Bv7qOAC', 'SystemModstamp': '2025-07-18T00:39:00.000+0000', 'Territory2ModelId': '0MAOv000000Grd3OAC', 'Territory2TypeId': '0M5Ov0000001qxRKAQ', 'attributes': '{type=Territory2, url=/services/data/v63.0/sobjects/Territory2/0MIOv000000Bv9VOAS}'}",/Users/shivanishukla/salesforce-kg-project/SF Data/masterdata/Territory2.csv,,,2025-07-18T00:39:00+00:00
0MIOv000000Bv9mOAC,Territory2,"{'AccountAccessLevel': 'Read', 'CaseAccessLevel': 'Read', 'ContactAccessLevel': 'Edit', 'CurrencyIsoCode': 'USD', 'Description': 'DACH Enterprise accounts', 'DeveloperName': 'EMEA_DACH_Enterprise', 'Id': '0MIOv000000Bv9mOAC', 'LastModifiedById': '005fI0000048bP9QAI', 'LastModifiedDate': '2025-07-18T00:39:00.000+0000', 'Name': 'EMEA DACH Enterprise', 'OpportunityAccessLevel': 'Read', 'ParentTerritory2Id': '0MIOv000000Bv9VOAS', 'SystemModstamp': '2025-07-18T00:39:00.000+0000', 'Territory2ModelId': '0MAOv000000Grd3OAC', 'Territory2TypeId': '0M5Ov0000001qxSKAQ', 'attributes': '{type=Territory2, url=/services/data/v63.0/sobjects/Territory2/0MIOv000000Bv9mOAC}'}",/Users/shivanishukla/salesforce-kg-project/SF Data/masterdata/Territory2.csv,,,2025-07-18T00:39:00+00:00
0MIOv000000Bv9nOAC,Territory2,"{'AccountAccessLevel': 'Read', 'CaseAccessLevel': 'Read', 'ContactAccessLevel': 'Edit', 'CurrencyIsoCode': 'USD', 'Description': 'DACH Mid-Market accounts', 'DeveloperName': 'EMEA_DACH_Mid_Market', 'Id': '0MIOv000000Bv9nOAC', 'LastModifiedById': '005fI0000048bP9QAI', 'LastModifiedDate': '2025-07-18T00:39:00.000+0000', 'Name': 'EMEA DACH Mid Market', 'OpportunityAccessLevel': 'Read', 'ParentTerritory2Id': '0MIOv000000Bv9VOAS', 'SystemModstamp': '2025-07-18T00:39:00.000+0000', 'Territory2ModelId': '0MAOv000000Grd3OAC', 'Territory2TypeId': '0M5Ov0000001qxSKAQ', 'attributes': '{type=Territory2, url=/services/data/v63.0/sobjects/Territory2/0MIOv000000Bv9nOAC}'}",/Users/shivanishukla/salesforce-kg-project/SF Data/masterdata/Territory2.csv,,,2025-07-18T00:39:00+00:00
0MIOv000000Bv9WOAS,Territory2,"{'AccountAccessLevel': 'Read', 'CaseAccessLevel': 'Read', 'ContactAccessLevel': 'Edit', 'CurrencyIsoCode': 'USD', 'Description': 'Continental Europe coverage', 'DeveloperName': 'EMEA_Europe', 'Id': '0MIOv000000Bv9WOAS', 'LastModifiedById': '005fI0000048bP9QAI', 'LastModifiedDate': '2025-07-18T00:39:00.000+0000', 'Name': 'EMEA Europe', 'OpportunityAccessLevel': 'Read', 'ParentTerritory2Id': '0MIOv000000Bv7qOAC', 'SystemModstamp': '2025-07-18T00:39:00.000+0000', 'Territory2ModelId': '0MAOv000000Grd3OAC', 'Territory2TypeId': '0M5Ov0000001qxRKAQ', 'attributes': '{type=Territory2, url=/services/data/v63.0/sobjects/Territory2/0MIOv000000Bv9WOAS}'}",/Users/shivanishukla/salesforce-kg-project/SF Data/masterdata/Territory2.csv,,,2025-07-18T00:39:00+00:00
0MIOv000000Bv9oOAC,Territory2,"{'AccountAccessLevel': 'Read', 'CaseAccessLevel': 'Read', 'ContactAccessLevel': 'Edit', 'CurrencyIsoCode': 'USD', 'Description': 'Continental Europe Enterprise accounts', 'DeveloperName': 'EMEA_Europe_Enterprise', 'Id': '0MIOv000000Bv9oOAC', 'LastModifiedById': '005fI0000048bP9QAI', 'LastModifiedDate': '2025-07-18T00:39:00.000+0000', 'Name': 'EMEA Europe Enterprise', 'OpportunityAccessLevel': 'Read', 'ParentTerritory2Id': '0MIOv000000Bv9WOAS', 'SystemModstamp': '2025-07-18T00:39:00.000+0000', 'Territory2ModelId': '0MAOv000000Grd3OAC', 'Territory2TypeId': '0M5Ov0000001qxSKAQ', 'attributes': '{type=Territory2, url=/services/data/v63.0/sobjects/Territory2/0MIOv000000Bv9oOAC}'}",/Users/shivanishukla/salesforce-kg-project/SF Data/masterdata/Territory2.csv,,,2025-07-18T00:39:00+00:00
0MIOv000000Bv9pOAC,Territory2,"{'AccountAccessLevel': 'Read', 'CaseAccessLevel': 'Read', 'ContactAccessLevel': 'Edit', 'CurrencyIsoCode': 'USD', 'Description': 'Continental Europe Mid-Market accounts', 'DeveloperName': 'EMEA_Europe_Mid_Market', 'Id': '0MIOv000000Bv9pOAC', 'LastModifiedById': '005fI0000048bP9QAI', 'LastModifiedDate': '2025-07-18T00:39:00.000+0000', 'Name': 'EMEA Europe Mid Market', 'OpportunityAccessLevel': 'Read', 'ParentTerritory2Id': '0MIOv000000Bv9WOAS', 'SystemModstamp': '2025-07-18T00:39:00.000+0000', 'Territory2ModelId': '0MAOv000000Grd3OAC', 'Territory2TypeId': '0M5Ov0000001qxSKAQ', 'attributes': '{type=Territory2, url=/services/data/v63.0/sobjects/Territory2/0MIOv000000Bv9pOAC}'}",/Users/shivanishukla/salesforce-kg-project/SF Data/masterdata/Territory2.csv,,,2025-07-18T00:39:00+00:00
0MIOv000000Bv9kOAC,Territory2,"{'AccountAccessLevel': 'Read', 'CaseAccessLevel': 'Read', 'ContactAccessLevel': 'Edit', 'CurrencyIsoCode': 'USD', 'Description': 'UK Ireland Enterprise accounts', 'DeveloperName': 'EMEA_UK_Enterprise', 'Id': '0MIOv000000Bv9kOAC', 'LastModifiedById': '005fI0000048bP9QAI', 'LastModifiedDate': '2025-07-18T00:39:00.000+0000', 'Name': 'EMEA UK Enterprise', 'OpportunityAccessLevel': 'Read', 'ParentTerritory2Id': '0MIOv000000Bv9UOAS', 'SystemModstamp': '2025-07-18T00:39:00.000+0000', 'Territory2ModelId': '0MAOv000000Grd3OAC', 'Territory2TypeId': '0M5Ov0000001qxSKAQ', 'attributes': '{type=Territory2, url=/services/data/v63.0/sobjects/Territory2/0MIOv000000Bv9kOAC}'}",/Users/shivanishukla/salesforce-kg-project/SF Data/masterdata/Territory2.csv,,,2025-07-18T00:39:00+00:00
0MIOv000000Bv9UOAS,Territory2,"{'AccountAccessLevel': 'Read', 'CaseAccessLevel': 'Read', 'ContactAccessLevel': 'Edit', 'CurrencyIsoCode': 'USD', 'Description': 'United Kingdom and Ireland coverage', 'DeveloperName': 'EMEA_UK_Ireland', 'Id': '0MIOv000000Bv9UOAS', 'LastModifiedById': '005fI0000048bP9QAI', 'LastModifiedDate': '2025-07-18T00:39:00.000+0000', 'Name': 'EMEA UK Ireland', 'OpportunityAccessLevel': 'Read', 'ParentTerritory2Id': '0MIOv000000Bv7qOAC', 'SystemModstamp': '2025-07-18T00:39:00.000+0000', 'Territory2ModelId': '0MAOv000000Grd3OAC', 'Territory2TypeId': '0M5Ov0000001qxRKAQ', 'attributes': '{type=Territory2, url=/services/data/v63.0/sobjects/Territory2/0MIOv000000Bv9UOAS}'}",/Users/shivanishukla/salesforce-kg-project/SF Data/masterdata/Territory2.csv,,,2025-07-18T00:39:00+00:00
0MIOv000000Bv9lOAC,Territory2,"{'AccountAccessLevel': 'Read', 'CaseAccessLevel': 'Read', 'ContactAccessLevel': 'Edit', 'CurrencyIsoCode': 'USD', 'Description': 'UK Ireland Mid-Market accounts', 'DeveloperName': 'EMEA_UK_Mid_Market', 'Id': '0MIOv000000Bv9lOAC', 'LastModifiedById': '005fI0000048bP9QAI', 'LastModifiedDate': '2025-07-18T00:39:00.000+0000', 'Name': 'EMEA UK Mid Market', 'OpportunityAccessLevel': 'Read', 'ParentTerritory2Id': '0MIOv000000Bv9UOAS', 'SystemModstamp': '2025-07-18T00:39:00.000+0000', 'Territory2ModelId': '0MAOv000000Grd3OAC', 'Territory2TypeId': '0M5Ov0000001qxSKAQ', 'attributes': '{type=Territory2, url=/services/data/v63.0/sobjects/Territory2/0MIOv000000Bv9lOAC}'}",/Users/shivanishukla/salesforce-kg-project/SF Data/masterdata/Territory2.csv,,,2025-07-18T00:39:00+00:00
0MIOv000000Bv7sOAC,Territory2,"{'AccountAccessLevel': 'Read', 'CaseAccessLevel': 'Read', 'ContactAccessLevel': 'Edit', 'CurrencyIsoCode': 'USD', 'Description': 'Financial Services vertical specialization', 'DeveloperName': 'Financial_Services_Overlay', 'Id': '0MIOv000000Bv7sOAC', 'LastModifiedById': '005fI0000048bP9QAI', 'LastModifiedDate': '2025-07-18T00:39:00.000+0000', 'Name': 'Financial Services Overlay', 'OpportunityAccessLevel': 'Read', 'SystemModstamp': '2025-07-18T00:39:00.000+0000', 'Territory2ModelId': '0MAOv000000Grd3OAC', 'Territory2TypeId': '0M5Ov0000001qxTKAQ', 'attributes': '{type=Territory2, url=/services/data/v63.0/sobjects/Territory2/0MIOv000000Bv7sOAC}'}",/Users/shivanishukla/salesforce-kg-project/SF Data/masterdata/Territory2.csv,,,2025-07-18T00:39:00+00:00
0MIOv000000Bv7uOAC,Territory2,"{'AccountAccessLevel': 'Read', 'CaseAccessLevel': 'Read', 'ContactAccessLevel': 'Edit', 'CurrencyIsoCode': 'USD', 'Description': 'Healthcare vertical specialization', 'DeveloperName': 'Healthcare_Overlay', 'Id': '0MIOv000000Bv7uOAC', 'LastModifiedById': '005fI0000048bP9QAI', 'LastModifiedDate': '2025-07-18T00:39:00.000+0000', 'Name': 'Healthcare Overlay', 'OpportunityAccessLevel': 'Read', 'SystemModstamp': '2025-07-18T00:39:00.000+0000', 'Territory2ModelId': '0MAOv000000Grd3OAC', 'Territory2TypeId': '0M5Ov0000001qxTKAQ', 'attributes': '{type=Territory2, url=/services/data/v63.0/sobjects/Territory2/0MIOv000000Bv7uOAC}'}",/Users/shivanishukla/salesforce-kg-project/SF Data/masterdata/Territory2.csv,,,2025-07-18T00:39:00+00:00
0MIOv000000Bv7tOAC,Territory2,"{'AccountAccessLevel': 'Read', 'CaseAccessLevel': 'Read', 'ContactAccessLevel': 'Edit', 'CurrencyIsoCode': 'USD', 'Description': 'Technology vertical specialization', 'DeveloperName': 'Technology_Overlay', 'Id': '0MIOv000000Bv7tOAC', 'LastModifiedById': '005fI0000048bP9QAI', 'LastModifiedDate': '2025-07-18T00:39:00.000+0000', 'Name': 'Technology Overlay', 'OpportunityAccessLevel': 'Read', 'SystemModstamp': '2025-07-18T00:39:00.000+0000', 'Territory2ModelId': '0MAOv000000Grd3OAC', 'Territory2TypeId': '0M5Ov0000001qxTKAQ', 'attributes': '{type=Territory2, url=/services/data/v63.0/sobjects/Territory2/0MIOv000000Bv7tOAC}'}",/Users/shivanishukla/salesforce-kg-project/SF Data/masterdata/Territory2.csv,,,2025-07-18T00:39:00+00:00
0M5Ov0000001qxRKAQ,Territory2Type,"{'CreatedById': '005fI0000048bP9QAI', 'CreatedDate': '2025-07-17T23:15:47.000+0000', 'Description': 'Regional coverage areas based on geography', 'DeveloperName': 'Geographic_Territory', 'Id': '0M5Ov0000001qxRKAQ', 'IsDeleted': 'false', 'Language': 'en_US', 'LastModifiedById': '005fI0000048bP9QAI', 'LastModifiedDate': '2025-07-17T23:15:47.000+0000', 'MasterLabel': 'Geographic Territory', 'Priority': '1', 'SystemModstamp': '2025-07-17T23:15:47.000+0000', 'attributes': '{type=Territory2Type, url=/services/data/v63.0/sobjects/Territory2Type/0M5Ov0000001qxRKAQ}'}",/Users/shivanishukla/salesforce-kg-project/SF Data/masterdata/Territory2Type.csv,,2025-07-17T23:15:47+00:00,2025-07-17T23:15:47+00:00
0M5Ov0000001qxSKAQ,Territory2Type,"{'CreatedById': '005fI0000048bP9QAI', 'CreatedDate': '2025-07-17T23:15:47.000+0000', 'Description': 'Customer segment specialization based on company size', 'DeveloperName': 'Segment_Territory', 'Id': '0M5Ov0000001qxSKAQ', 'IsDeleted': 'false', 'Language': 'en_US', 'LastModifiedById': '005fI0000048bP9QAI', 'LastModifiedDate': '2025-07-17T23:15:47.000+0000', 'MasterLabel': 'Segment Territory', 'Priority': '2', 'SystemModstamp': '2025-07-17T23:15:47.000+0000', 'attributes': '{type=Territory2Type, url=/services/data/v63.0/sobjects/Territory2Type/0M5Ov0000001qxSKAQ}'}",/Users/shivanishukla/salesforce-kg-project/SF Data/masterdata/Territory2Type.csv,,2025-07-17T23:15:47+00:00,2025-07-17T23:15:47+00:00
0M5Ov0000001qxTKAQ,Territory2Type,"{'CreatedById': '005fI0000048bP9QAI', 'CreatedDate': '2025-07-17T23:15:47.000+0000', 'Description': 'Vertical industry focus and specialization', 'DeveloperName': 'Industry_Territory', 'Id': '0M5Ov0000001qxTKAQ', 'IsDeleted': 'false', 'Language': 'en_US', 'LastModifiedById': '005fI0000048bP9QAI', 'LastModifiedDate': '2025-07-17T23:15:47.000+0000', 'MasterLabel': 'Industry Territory', 'Priority': '3', 'SystemModstamp': '2025-07-17T23:15:47.000+0000', 'attributes': '{type=Territory2Type, url=/services/data/v63.0/sobjects/Territory2Type/0M5Ov0000001qxTKAQ}'}",/Users/shivanishukla/salesforce-kg-project/SF Data/masterdata/Territory2Type.csv,,2025-07-17T23:15:47+00:00,2025-07-17T23:15:47+00:00
0M5Ov0000001qxUKAQ,Territory2Type,"{'CreatedById': '005fI0000048bP9QAI', 'CreatedDate': '2025-07-17T23:15:47.000+0000', 'Description': 'Strategic account management for key customers', 'DeveloperName': 'Named_Account_Territory', 'Id': '0M5Ov0000001qxUKAQ', 'IsDeleted': 'false', 'Language': 'en_US', 'LastModifiedById': '005fI0000048bP9QAI', 'LastModifiedDate': '2025-07-17T23:15:47.000+0000', 'MasterLabel': 'Named Account Territory', 'Priority': '4', 'SystemModstamp': '2025-07-17T23:15:47.000+0000', 'attributes': '{type=Territory2Type, url=/services/data/v63.0/sobjects/Territory2Type/0M5Ov0000001qxUKAQ}'}",/Users/shivanishukla/salesforce-kg-project/SF Data/masterdata/Territory2Type.csv,,2025-07-17T23:15:47+00:00,2025-07-17T23:15:47+00:00
